,区分,メニュー名称,卵,乳成分,小麦,えび,かに,そば,落花生,くるみ,アーモンド,あわび,いか,いくら,オレンジ,カシューナッツ,キウイフルーツ,牛肉,ごま,さけ,さば,大豆,鶏肉,バナナ,豚肉,まつたけ,もも,やまいも,りんご,ゼラチン
0,寿司,青森産生サーモン,○,○,○,○,○,,,,,,○,○,,,,○,○,●,○,○,,,○,,,,○,
1,寿司,赤えび,,,○,●,,,,,,,,,,,,○,,,,○,,,○,,,,○,
2,寿司,炙り3貫盛り,○,○,○,●,○,,,,,,○,○,,,,○,○,●,○,○,,,○,,,,○,
3,寿司,炙り特ネタ大とろレモン,,,○,,,,,,,,○,,,,,○,,○,,○,,,○,,,,○,
4,寿司,牛タンにぎり,,○,○,,,,,,,,,,,,,●,○,,,○,○,,○,,,,○,○
5,寿司,炙りサーモンバジルチーズ,●,●,○,○,○,,,,○,,○,,,○,,○,,●,○,●,○,○,○,,,,●,○
6,寿司,炙り〆さばレモン,,,●,,,,,,,,,,,,,○,,,●,●,,,○,,,,○,
7,寿司,炙りジャンボとろサーモンレモン,,,○,,,,,,,,,,,,,○,,●,,○,,,○,,,,○,
8,寿司,炙り上穴子,○,○,●,○,○,,○,,,,,,○,,,○,○,,○,●,○,,○,,○,,○,○
9,寿司,炙り活〆真鯛レモン,,,○,○,○,,,,,,○,,,,,○,,○,○,○,,,○,,,,○,
10,寿司,炙り特ネタ中とろレモン,,,○,,,,,,,,○,,,,,○,,○,,○,,,○,,,,○,
11,寿司,炙り大つぶ貝レモン,,,○,,,,,,,,,,,,,○,,,,○,,,○,,,,○,
12,寿司,炙り生サーモンレモン,○,○,○,○,○,,,,,,○,○,,,,○,○,●,○,○,,,○,,,,○,
13,寿司,炙りはまちレモン,,,○,○,○,,,,,,○,,,,,○,,○,○,○,,,○,,,,○,
14,寿司,炙りびんとろレモン,,,○,,,,,,,,,,,,,○,,,,○,,,○,,,,○,
15,寿司,炙りほたて貝柱レモン,,,○,○,○,,,,,,○,○,,,,○,,○,○,○,,,○,,,,○,
16,寿司,炙りまぐろレモン,,,○,,,,,,,,○,,,,,○,,○,,○,,,○,,,,○,
17,寿司,甘えび,,,○,●,,,,,,,,,,,,○,,,,○,,,○,,,,○,
18,寿司,あん肝,,,●,○,,,,,,,,,,,,○,,,,●,,,○,,,,○,
19,寿司,いか,,,○,,,,,,,,●,,,,,○,,,,○,,,○,,,,○,
20,寿司,いか梅しそにぎり,,,○,,,,,,,,●,,,,,○,,,,○,,,○,,,,○,
21,寿司,いかオクラめかぶ,,,●,○,,,,,,,●,,,,,○,,,,●,,,○,,,,○,●
22,寿司,いか塩レモン,,,○,,,,,,,,●,,,,,○,,,,○,,,○,,,,○,
23,寿司,マーラー風味いか揚げネギ添え,●,○,●,○,○,,,,,,●,,,,,○,●,,○,●,○,,○,,,,●,○
24,寿司,いくら,○,○,●,○,○,,,,,,,●,,,,○,,,●,●,,,○,,,,○,
25,寿司,活〆穴子食べ比べ(天ぷら・焼き),●,●,●,,,,,,,,○,,○,,,○,○,○,○,●,○,,○,,○,○,○,○
26,寿司,活〆しまあじ,,,○,○,○,,,,,,○,,,,,○,,○,○,○,,,○,,,,○,
27,寿司,活〆匠の漬けはまち,,,●,○,○,,,,,,○,,,,,○,○,○,○,●,○,,○,○,,,○,
28,寿司,活〆はまち,,,○,○,○,,,,,,○,,,,,○,,○,○,○,,,○,,,,○,
29,寿司,活〆真鯛,,,○,○,○,,,,,,○,,,,,○,,○,○,○,,,○,,,,○,
30,寿司,いなり,,,●,,,,,,,,,,,,,○,,,●,●,○,,○,,,,○,
31,寿司,三陸産いわし天ぷらにぎり,●,●,●,○,,,,,○,,○,,○,,,○,○,○,○,●,○,,○,,○,○,○,○
32,寿司,うなぎの蒲焼き,,,●,,,,,,,,,,,,,○,,,,●,,,○,,,,○,
33,寿司,梅きゅう巻,,,○,○,,,,,,,,,,,,○,,,,○,,,○,,,,○,
34,寿司,えび,,,○,●,,,,,,,,,,,,○,,,,○,,,○,,,,○,
35,寿司,えび・いか,,,○,●,,,,,,,●,,,,,○,,,,○,,,○,,,,○,
36,寿司,えび・サーモン,○,○,○,●,○,,,,,,○,,,,,○,,●,○,○,,,○,,,,○,
37,寿司,えび・たまご,●,○,●,●,,,,,,,,,,,,○,○,○,●,●,○,,○,,,,○,
38,寿司,えびアボカド,●,,○,●,,,,,,,,,,,,○,,,,●,,,○,,,,●,
39,寿司,えびのカプレーゼ,○,●,○,●,○,,,,○,,○,,,○,,○,,,,○,○,○,○,,,,○,
40,寿司,えびサラダ軍艦,●,●,●,●,,,,,,,,,,,,○,,,,●,,,○,,,,●,
41,寿司,えびチーズ,●,●,○,●,,,,,,,,,,,,○,,,,●,,,○,,,,●,○
42,寿司,えびチーズ・サーモンチーズ,●,●,○,●,○,,,,,,○,,,,,○,,●,○,●,,,○,,,,●,○
43,寿司,えび天にぎり,●,●,●,●,,,,,,,○,,○,,,○,○,○,○,●,○,,○,,○,○,○,○
44,寿司,えび天マウンテン,●,●,●,●,○,,○,○,○,,○,,○,○,○,○,○,○,○,●,○,○,○,,○,○,●,○
45,寿司,えびバジルチーズ,●,●,○,●,○,,,,○,,○,,,○,,○,,,,●,○,○,○,,,,●,○
46,寿司,海老フライアボカドロール,●,○,●,●,,,,,,,○,,,,,○,○,○,●,●,○,,○,,,,●,○
47,寿司,えんがわ,○,,○,,,,,,,,,,,,,○,,○,,○,,,○,,,,○,
48,寿司,えんがわ焦がし醤油,,,●,,,,,,,,,,,,,○,,,,●,,,○,,,,○,
49,寿司,えんがわわさび軍艦,,,●,○,,,,,,,,,,,,○,,,,●,,,○,,,,○,
50,寿司,炙りにしん,,,○,,,,,,,,,,,,,○,,,,○,,,○,,,,○,
51,寿司,大えび,,,○,●,,,,,,,,,,,,○,,,,○,,,○,,,,○,
52,寿司,大切りあわび2貫,,,○,,,,,,,●,,,,,,○,,,,○,,,○,,,,○,
53,寿司,大つぶ貝,,,○,,,,,,,,,,,,,○,,,,○,,,○,,,,○,
54,寿司,オニオンサーモン,●,○,○,○,○,,,,,,○,,,,,○,,●,○,●,,,○,,,,●,
55,寿司,おろし焼とろサーモン,○,○,○,○,○,,,,,,○,,,,,○,,●,○,○,,,○,,,,○,
56,寿司,海鮮ばらちらし,●,○,●,●,○,,,,,,●,●,,,,○,○,●,●,●,○,,○,○,,,○,
57,寿司,数の子松前漬け,,,●,●,●,,,,,,●,,,,,○,●,,●,●,,,○,,,,○,
58,寿司,かにカマ天にぎり,●,●,●,,●,,,,,,○,,○,,,○,○,○,○,●,○,,○,,○,○,●,○
59,寿司,カニ爪食べ比べ,,○,●,,●,,,,,,,,,,,○,,,,●,,,○,,,,○,
60,寿司,カニ風サラダ,●,,●,●,●,,,,,,●,,,,,○,,,,●,,,○,,,,●,
61,寿司,カニ風サラダ・コーン,●,,●,●,●,,,,,,●,,,,,○,,,,●,,,○,,,,●,
62,寿司,カニ風サラダ・シーサラダ,●,●,●,●,●,,,,,,●,,,,,○,○,○,○,●,○,,○,,,,●,○
63,寿司,カニ風サラダ・ツナサラダ,●,●,●,●,●,,,,,,●,,,,,○,○,○,○,●,○,,○,,,,●,○
64,寿司,かにみそ,,○,●,○,●,,,,,,,,,,,○,,,,●,,,○,,,,○,
65,寿司,本ずわい蟹 かにみそ炙り,,○,●,,●,,,,,,,,,,,○,,,,●,,,○,,,,○,
66,寿司,津久勝のたこ,,,○,,,,,,,,○,,,,,○,,○,,○,,,○,,,,○,
67,寿司,かんぴょう巻,,,●,○,,,,,,,,,,,,○,○,,,●,,,○,,,,○,
68,寿司,きすの天ぷらにぎり,●,●,●,,,,,,,,○,,○,,,○,○,○,○,●,○,,○,,○,○,○,○
69,寿司,匠の香味にぎり 炙りさわら,,,●,,,,,,,,,,,,,○,●,,,●,,,○,,,,○,
70,寿司,牛塩カルビ,●,●,●,,,,,,,,,,,○,,●,●,,,●,●,,○,○,○,○,○,○
71,寿司,牛塩カルビチーズ炙り,●,●,●,,,,,,,,,,,○,,●,●,,,●,●,,○,○,○,○,●,○
72,寿司,九州限定 天然真はた,,,●,,,,,,,,,,,,,○,,○,○,●,,,○,,,,○,
73,寿司,きゅうり巻,,,○,○,,,,,,,,,,,,○,,,,○,,,○,,,,○,
74,寿司,金目鯛の天ぷらにぎり,●,●,●,,,,,,,,○,,○,,,○,○,○,○,●,○,,○,,○,○,○,○
75,寿司,グリルチキン,●,●,●,,,,○,,,,,,,,,○,○,,,●,●,,○,,,○,○,
76,寿司,黒みる貝,,,○,,,,,,,,,,,,,○,,,,○,,,○,,,,○,
77,寿司,黒みる貝の塩だれユッケ,,,○,,,,,,,,,,,,,○,●,,,○,,,○,,,,○,
78,寿司,軍艦甘えび,●,,○,●,,,,,,,,,,,,○,,,,●,,,○,,,,●,
79,寿司,軍艦ねぎまぐろ,○,○,○,○,,,,,,,○,,,,,○,,○,,○,,,○,,,○,○,○
80,寿司,馬刺しねぎとろ軍艦,,,○,○,,,,,,,,,,,,○,,,,○,,,○,,,,○,
81,寿司,こういか,,,○,,,,,,,,●,,,,,○,,,,○,,,○,,,,○,●
82,寿司,コーン,●,,○,○,,,,,,,,,,,,○,,,,●,,,○,,,,●,
83,寿司,国産特大ほたて貝柱,,,○,○,○,,,,,,○,○,,,,○,,○,○,○,,,○,,,,○,
84,寿司,生サーモン 炙りレモンペッパー仕立て,○,○,○,○,○,,,,,,○,○,,,,○,○,●,○,○,○,,○,,,,○,
85,寿司,国産〆さば,,,○,,,,,,,,,,,,,○,,,●,●,,,○,,,,○,
86,寿司,匠の胡麻タレ漬け真鯛ととろたく,○,○,●,○,○,,,,,,○,●,,,,○,●,○,●,●,○,,○,○,○,,○,
87,寿司,小粒納豆,,○,○,○,,,,,,,,,,,,○,,,,●,,,○,,,,○,
88,寿司,小粒納豆巻(ねぎ抜き),,○,○,○,,,,,,,,,,,,○,,,,●,,,○,,,,○,
89,寿司,小柱たらこ和え軍艦,,,●,○,,,,,,,,,,,,○,,,,●,,,○,,,,○,
90,寿司,小柱ユッケ軍艦,,○,●,○,○,,,,,,,,,,,○,●,,○,●,○,,○,,,,●,
91,寿司,こはだ,,,○,,,,,,,,,,,,,○,,,,○,,,○,,,,○,
92,寿司,サーモン,○,○,○,○,○,,,,,,○,,,,,○,,●,○,○,,,○,,,,○,
93,寿司,サーモン・いか,○,○,○,○,○,,,,,,●,,,,,○,,●,○,○,,,○,,,,○,
94,寿司,サーモン・たまご,●,○,●,○,○,,,,,,○,,,,,○,○,●,●,●,○,,○,,,,○,
95,寿司,サーモン・焼とろサーモン,○,○,○,○,○,,,,,,○,,,,,○,,●,○,○,,,○,,,,○,
96,寿司,サーモン3貫盛り,○,○,○,○,○,,,,,,○,,,,,○,,●,○,○,,,○,,,,○,
97,寿司,サーモンアボカド,●,○,○,○,○,,,,,,○,,,,,○,,●,○,●,,,○,,,,●,
98,寿司,サーモンいくら軍艦,○,○,●,○,○,,,,,,○,●,,,,○,,●,●,●,,,○,,,,○,
99,寿司,サーモンのカプレーゼ,○,●,○,○,○,,,,○,,○,,,○,,○,,●,○,○,○,○,○,,,,○,
100,寿司,サーモンちーず,●,●,○,○,○,,,,,,○,,,,,○,,●,○,●,,,○,,,,●,○
101,寿司,サーモンとろたく,,,○,○,,,,,,,,,,,,○,○,●,,●,,,○,,○,,○,
102,寿司,サーモンバジルモッツァレラ,○,●,●,○,○,,,,○,,○,,,○,,○,,●,○,●,○,○,○,,,,○,
103,寿司,シーサラダ,●,●,●,●,●,,,,,,●,,,,,○,○,○,○,●,○,,○,,,,○,○
104,寿司,シーサラダ・コーン,●,●,●,●,●,,,,,,●,,,,,○,○,○,○,●,○,,○,,,,●,○
105,寿司,シーサラダ・ツナサラダ,●,●,●,●,●,,,,,,●,,,,,○,○,○,○,●,○,,○,,,,○,○
106,寿司,ししゃもこ軍艦(カラフトししゃも使用),,,●,○,,,,,,,,,,,,○,,,,●,,,○,,,,○,
107,寿司,〆真さば,,,●,,,,,,,,,,,,,○,,,●,●,,,○,,,,○,
108,寿司,〆真さば(ごまネギ),,,●,,,,,,,,,,,,,○,●,,●,●,,,○,,,,○,
109,寿司,ジャンボとろサーモン,,,○,,,,,,,,,,,,,○,,●,,○,,,○,,,,○,
110,寿司,10種の海鮮丼,●,○,●,●,●,,,,,,○,●,,,,○,○,●,●,●,○,,○,,,○,○,○
111,寿司,上えび天にぎり,●,●,●,●,,,,,,,○,,○,,,○,○,○,○,●,○,,○,,○,○,○,○
112,寿司,白ばい貝食べ比べ(生・炙り),,,●,○,,,,,,,,,,,,○,,○,○,●,,,○,,,,○,
113,寿司,スシローお手頃にぎりセット1人前,●,○,●,●,○,,,,,,●,,,,,○,○,●,●,●,○,,○,,,,○,
114,寿司,スシローお手頃にぎりセット2人前,●,○,●,●,○,,,,,,●,,,,,○,○,●,●,●,○,,○,,,,○,
115,寿司,スシローお手頃にぎりセット3人前,●,○,●,●,○,,,,,,●,,,,,○,○,●,●,●,○,,○,,,,○,
116,寿司,スシローお手頃にぎりセット4人前,●,○,●,●,○,,,,,,●,,,,,○,○,●,●,●,○,,○,,,,○,
117,寿司,スシローお手頃にぎりセット5人前,●,○,●,●,○,,,,,,●,,,,,○,○,●,●,●,○,,○,,,,○,
118,寿司,炭焼きかつおたたき,,,○,,,,,,,,,,,,,○,,,,○,,,○,,,,○,
119,寿司,匠の漬け生サーモン,○,○,●,○,○,,,,,,○,○,,,,○,○,●,○,●,○,,○,○,,,○,
120,寿司,匠の漬けまぐろ,,,●,○,,,,,,,○,,,,,○,●,○,,●,○,,○,○,,,○,
121,寿司,匠の漬け天然インド鮪赤身,,,●,○,,,,,,,○,,,,,○,●,○,,●,○,,○,○,,,○,
122,寿司,匠の漬けごま真鯛,,,●,○,○,,,,,,○,,,,,○,●,○,○,●,○,,○,○,,,○,
123,寿司,匠の押し寿司 穴子包み,,,●,○,○,,,,,○,,,,,,○,○,○,○,●,○,,○,○,,,○,
124,寿司,匠の海鮮巻き重ね,●,○,●,●,○,,,,,,●,,,,,○,○,●,●,●,○,,○,,○,○,○,○
125,寿司,たこ,,,○,,,,,,,,,,,,,○,,,,○,,,○,,,,○,
126,寿司,七夕ちらし(1人前),●,○,●,●,●,,,,,,●,●,,,,○,○,●,●,●,○,,○,,,○,●,○
127,寿司,七夕ちらし(3人前),●,○,●,●,●,,,,,,●,●,,,,○,○,●,●,●,○,,○,,,○,●,○
128,寿司,鹿児島県産タマクエ,,,○,○,○,,,,,,○,,,,,○,,○,○,○,,,○,,,,○,
129,寿司,たまご,●,○,●,,,,,,,,,,,,,○,○,○,●,●,○,,○,,,,○,
130,寿司,たらこ,,,●,○,,,,,,,,,,,,○,,,,●,,,○,,,,○,
131,寿司,たら白子,,,●,○,,,,,,,,,,,,○,,,,●,,,○,,,,○,
132,寿司,たらマヨ,●,,●,○,,,,,,,,,,,,○,,,,●,,,○,,,,●,
133,寿司,ダブル特ネタ中とろ,,,○,,,,,,,,,,,,,○,,,,○,,,○,,,,○,
134,寿司,ツナサラダ,●,●,●,○,,,,,,,,,,,,○,○,○,○,●,○,,○,,,,○,○
135,寿司,ツナサラダ・コーン,●,●,●,○,,,,,,,,,,,,○,○,○,○,●,○,,○,,,,●,○
136,寿司,鉄火巻,,,○,○,,,,,,,○,,,,,○,,○,,○,,,○,,,,○,
137,寿司,国産こだわり生鮮魚3貫,○,○,○,○,○,,,,,,○,○,,,,○,○,●,○,○,,,○,,,,○,
138,寿司,店内茹で天然大えび,,,○,●,,,,,,,,,,,,○,,,,○,,,○,,,,○,
139,寿司,天然鮪ちらし,●,○,●,○,○,,,,,,○,●,,,,○,○,○,●,●,○,,○,,,,○,
140,寿司,特ネタ大とろ,,,○,,,,,,,,○,,,,,○,,○,,○,,,○,,,,○,
141,寿司,特ネタ大とろ焦がし醤油,,,●,,,,,,,,○,,,,,○,,○,,●,,,○,,,,○,
142,寿司,特ネタ中とろ,,,○,,,,,,,,○,,,,,○,,○,,○,,,○,,,,○,
143,寿司,ドデカあじフライにぎり,○,●,●,,,,,,,,,,,,,○,○,,,●,,,○,,,,○,○
144,寿司,富山県産ほたるいか沖漬け,,,●,,,,,,,,●,,,,,○,,,,●,,,○,,,,○,
145,寿司,国産とらふぐ食べ比べ,○,○,●,,,,,,,,,,○,,,○,○,,○,●,○,,○,,,,○,○
146,寿司,とり肝軍艦,,,●,○,,,,,,,,,,,,○,,,,●,●,,○,,,,○,
147,寿司,とろさば棒寿司,,,○,○,,,,,,,,,,,,○,●,,●,○,,,○,,,,○,
148,寿司,とろ鉄火高菜巻(とろたく・ねぎとろ),○,○,●,○,○,,,,,,,●,,,,○,●,,●,●,,,○,,○,,○,
149,寿司,茄子の揚げびたし,,○,●,○,○,,,,,,,,,,,○,○,,●,●,○,,○,,,,○,○
150,寿司,生うに包み,,,○,,,,,,,,,,,,,○,,,,○,,,○,,,,○,
151,寿司,生えび,,,○,●,,,,,,,,,,,,○,,,,○,,,○,,,,○,
152,寿司,生サーモン,○,○,○,○,○,,,,,,○,○,,,,○,○,●,○,○,,,○,,,,○,
153,寿司,生ハム,●,,○,,,,,,,,,,,,,○,,,,●,,,●,,,,●,
154,寿司,生ハムアボカド,●,,○,,,,,,,,,,,,,○,,,,●,,,●,,,,●,
155,寿司,生ハムのカプレーゼ,○,●,○,○,○,,,,○,,○,,,○,,○,,,,○,○,○,●,,,,○,
156,寿司,生ハムバジルモッツァレラ,○,●,○,○,○,,,,○,,○,,,○,,○,,,,○,○,○,●,,,,○,
157,寿司,国産生ほたて,,,○,,,,,,,,,,,,,○,,,,○,,,○,,,,○,
158,寿司,煮あなご,,○,●,,,,,,,,,,,,,○,,,,●,,,○,,,,○,
159,寿司,のどぐろの炙り,,,○,,,,,,,,○,,,,,○,,○,○,○,,,○,,,,○,
160,寿司,馬刺しユッケ,,○,●,○,○,,,,,,,,,,,○,●,,○,●,○,,○,,,,●,
161,寿司,活〆はまち腹身1貫,,,○,○,○,,,,,,○,,,,,○,,○,○,○,,,○,,,,○,
162,寿司,パンチェッタブロッコリー軍艦,●,●,○,○,○,,,,○,,○,,,○,,○,,,,●,○,○,●,,,,●,
163,寿司,氷見産天然本鮪焦がし醤油,,,●,,,,,,,,,,,,,○,,,,●,,,○,,,,○,
164,寿司,びんとろ,,,○,,,,,,,,,,,,,○,,,,○,,,○,,,,○,
165,寿司,マーラー風味びんとろ揚げネギ添え,●,○,●,○,○,,,,,,○,,,,,○,●,,○,●,○,,○,,,,●,○
166,寿司,紅ずわい包み,○,○,●,○,●,,,,,,,,,,,○,,,,●,○,,○,,,,○,
167,寿司,本ずわい蟹食べ比べ,,○,●,,●,,,,,,,,,,,○,,,,●,,,○,,,,○,
168,寿司,ボイル本ずわい蟹,,,○,,●,,,,,,,,,,,○,,,,○,,,○,,,,○,
169,寿司,北陸産甘えび,○,○,●,●,●,,,,,,,●,,,,○,,,●,●,,,○,,,,○,
170,寿司,ほたて貝柱,,,○,○,○,,,,,,○,○,,,,○,,○,○,○,,,○,,,,○,
171,寿司,北海3貫盛り,○,○,●,●,●,,,,,,○,●,,,,○,,○,●,●,,,○,,,,○,
172,寿司,北海道産上いくら,,,●,,,,,,,,,●,,,,○,,,○,●,,,○,,,,○,
173,寿司,ほっき貝の塩だれユッケ,,,○,,,,,,,,,,,,,○,●,,,○,,,○,,,,○,
174,寿司,ほや軍艦,,,○,○,,,,,,,,,,,,○,,,,○,,,○,,,,○,
175,寿司,本鮪赤身,,,○,,,,,,,,○,,,,,○,,○,,○,,,○,,,,○,
176,寿司,真鯵,○,○,○,○,○,,,,,,○,○,,,,○,○,○,○,○,,,○,,,,○,
177,寿司,マーラー風味赤えび揚げネギ添え,●,○,●,●,○,,,,,,○,,,,,○,●,,○,●,○,,○,,,,●,○
178,寿司,マーラー風味サーモン揚げネギ添え,●,○,●,○,○,,,,,,○,,,,,○,●,●,○,●,○,,○,,,,●,○
179,寿司,羅臼真いか,,,○,,,,,,,,●,,,,,○,,,,○,,,○,,,,○,
180,寿司,まぐたく巻,○,○,○,○,,,,,,,○,,,,,○,○,○,,●,,,○,,○,○,○,○
181,寿司,まぐろ,,,○,,,,,,,,○,,,,,○,,○,,○,,,○,,,,○,
182,寿司,まぐろ・いか,,,○,,,,,,,,●,,,,,○,,○,,○,,,○,,,,○,
183,寿司,まぐろ・えび,,,○,●,,,,,,,○,,,,,○,,○,,○,,,○,,,,○,
184,寿司,まぐろ・サーモン,○,○,○,○,○,,,,,,○,,,,,○,,●,○,○,,,○,,,,○,
185,寿司,まぐろ・たまご,●,○,●,,,,,,,,○,,,,,○,○,○,●,●,○,,○,,,,○,
186,寿司,まぐろ3貫盛り,○,○,○,○,,,,,,,○,,,,,○,,○,,○,,,○,,,○,○,○
187,寿司,まぐろ長芋包み,○,○,○,○,,,,,,,○,,,,,○,,○,,○,,,○,,,●,○,○
188,寿司,まぐろのおはぎ,○,○,○,○,,,,,,,○,,○,,,○,○,○,,●,,,○,,○,○,○,○
189,寿司,マーラー風味まぐろ軍艦揚げネギ添え,●,○,●,○,○,,,,,,○,,,,,○,●,○,○,●,○,,○,,,,●,○
190,寿司,まぐろ山かけ,○,○,○,○,,,,,,,○,,,,,○,○,○,○,○,○,,○,,,●,○,○
191,寿司,まぐろユッケ(卵黄醤油),●,●,●,●,●,,,,,,○,,,,,○,●,○,○,●,○,,○,,,,●,○
192,寿司,愛媛県産真はた,,,●,,,,,,,,,,,,,○,,,,●,,,○,,,,○,
193,寿司,ミートボール軍艦,●,○,●,○,○,,,,,,○,,,,,○,●,,○,●,●,,●,,,,●,○
194,寿司,ミートボールマヨ軍艦,●,○,●,○,○,,,,,,○,,,,,○,●,,○,●,●,,●,,,,●,○
195,寿司,蒸しほたていくら軍艦,○,○,●,○,○,,,,,,,●,,,,○,,,●,●,,,○,,,,○,
196,寿司,蒸しほたてバジルレモン,○,●,○,○,○,,,,○,,○,,,○,,○,,,,○,○,○,○,,,,○,
197,寿司,ほっき貝,,,○,,,,,,,,,,,,,○,,,,○,,,○,,,,○,
198,寿司,焼き鯖,○,○,○,○,○,,,,,,○,,,,,○,,○,●,○,,,○,,,,○,
199,寿司,焼とろサーモン,○,○,○,○,○,,,,,,○,,,,,○,,●,○,○,,,○,,,,○,
200,寿司,天然インド鮪赤身,,,○,,,,,,,,○,,,,,○,,○,,○,,,○,,,,○,
201,寿司,天然インド鮪大とろ,,,○,,,,,,,,,,,,,○,,,,○,,,○,,,,○,
202,寿司,天然インド鮪中とろ,,,○,,,,,,,,,,,,,○,,,,○,,,○,,,,○,
203,寿司,天然インド鮪中落ち包み,,,○,○,,,,,,,,,,,,○,,,,○,,,○,,,,○,
204,寿司,天然本鮪と天然インド鮪 食べ比べ,,,●,○,,,,,,,○,,○,,,○,●,○,,●,○,,○,○,,,○,
205,寿司,天然とろびん長,,,○,,,,,,,,,,,,,○,,,,○,,,○,,,,○,
206,寿司,大切りめばち鮪,,,○,,,,,,,,○,,,,,○,,○,,○,,,○,,,,○,
207,寿司,めばちのねぎまぐろ軍艦,○,○,○,○,,,,,,,,,,,,○,,○,,○,,,○,,,,○,
208,寿司,ランチセット(かけうどん),●,○,●,●,○,,,,,,●,,,,,○,●,●,●,●,○,,○,,,,○,○
209,寿司,ランチセット(かけラーメン),●,○,●,●,○,○,○,○,○,○,●,○,○,○,○,●,○,●,●,●,●,○,○,○,○,○,○,○
210,寿司,ランチセット(すしのみ),●,○,●,●,○,,,,,,●,,,,,○,○,●,●,●,○,,○,,,,○,
211,寿司,ランチセット(茶碗蒸し),●,●,●,●,○,,,,,○,●,○,○,,,○,○,●,●,●,●,○,○,,○,,○,○
212,寿司,ランチセット(わかめの赤だし),●,○,●,●,○,,,,,,●,,,,,○,○,●,●,●,○,,○,,,,○,○
213,寿司,ランチセット(わかめの味噌汁),●,○,●,●,○,,,,,,●,,,,,○,○,●,●,●,○,,○,,,,○,○
214,寿司,和牛さしとろポン酢ジュレ,●,●,●,,,,,,,,○,,○,,○,●,○,○,○,●,○,,○,,○,○,●,●
215,寿司,赤えびわさび軍艦,,,○,●,,,,,,,,,,,,○,,,,●,,,○,,,,○,
216,サイド,あおさと海苔の赤だし,,○,○,○,○,,,,,,,,,,,○,○,,●,●,○,,○,,,,○,○
217,サイド,あおさと海苔の味噌汁,,○,○,○,○,,,,,,,,,,,○,○,,●,●,○,,○,,,,○,○
218,サイド,あさりの赤だし,,○,○,○,●,,,,,,,,,,,○,○,,●,●,○,,○,,,,○,○
219,サイド,あさりのうどん,●,○,●,○,●,,,,,,○,,,,,○,○,,●,●,○,,○,,,,○,○
220,サイド,あさりの出汁蒸し,,○,●,○,●,,,,,,,,,,,○,○,,●,●,○,,○,,,,○,○
221,サイド,鯵の骨煎餅,,,,,,,,,,,,,,,,,○,,,●,,,,,,,,
222,サイド,あんかけ茶碗蒸し,●,●,●,●,○,,○,,○,○,,○,○,,,○,○,,●,●,●,○,○,○,○,○,○,○
223,サイド,いか天(一品),●,●,●,,,,,,,,●,,○,,,○,○,○,○,●,○,,○,,○,○,○,○
224,サイド,えび天(一品),●,●,●,●,,,,,,,○,,○,,,○,○,○,○,●,○,,○,,○,○,○,○
225,サイド,えび天うどん,●,●,●,●,○,,,,,,○,,○,,,○,●,○,●,●,○,,○,,○,○,○,○
226,サイド,海鮮塩ダレの鶏ももからあげ,●,●,●,,,,,,,,,,,,,,○,,,●,●,,,,,,,
227,サイド,替え玉(ラーメン),●,,●,,,○,,,,,,,,,,,,,,,,,,,,,,
228,サイド,かき揚げ(一品),●,○,●,○,,,,,,,,,,,,,○,,,●,,,,,,,,
229,サイド,かき揚げうどん,●,○,●,○,○,,,,,,,,,,,○,●,,●,●,○,,○,,,,○,○
230,サイド,かけうどん,●,○,●,○,○,,,,,,○,,,,,○,●,,●,●,○,,○,,,,○,○
231,サイド,きつねうどん,●,○,●,○,○,,,,,,○,,,,,○,●,,●,●,○,,○,,,,○,○
232,サイド,ぶりカマ唐揚げ,●,●,●,,,,,,,,○,,○,,,○,○,○,○,●,○,,○,,○,○,○,○
233,サイド,魚介と鶏の白湯ラーメン,●,●,●,○,○,○,,,,,○,,○,,○,○,●,○,○,●,●,,○,,○,○,○,○
234,サイド,小いわしの唐揚げ,●,●,●,,,,,,,,,,,,,,○,,,●,●,,,,,,,
235,サイド,コク旨まぐろ醤油ラーメン,●,●,●,○,○,○,○,○,○,○,○,○,○,○,○,●,●,○,●,●,●,○,○,○,○,○,○,○
236,サイド,コク旨まぐろ醤油ラーメン(漬け鮪入),●,○,●,○,○,○,○,○,○,○,○,○,○,○,○,●,●,○,●,●,●,○,○,○,○,○,○,○
237,サイド,魚のアラの赤だし,,○,○,○,○,,,,,○,○,,,,,○,○,○,●,●,○,,○,,,,○,○
238,サイド,三角いなりあげ(一品),,,●,,,,,,,,,,,,,,,,●,●,○,,,,,,○,
239,サイド,パンチェッタジェノベーゼまぜそば,●,●,●,,,○,,,,,,,,,,○,○,,,●,●,,●,,,,○,○
240,サイド,自家製えび・ほたてフライミックス,●,●,●,●,,,,,,,○,,○,,,○,○,○,○,●,○,,○,,○,○,●,○
241,サイド,上えび天(一品),●,●,●,●,,,,,,,○,,○,,,○,○,○,○,●,○,,○,,○,○,○,○
242,サイド,上えび天うどん,●,●,●,●,○,,,,,,○,,○,,,○,●,○,●,●,○,,○,,○,○,○,○
243,サイド,しらすまぜそば,●,○,●,○,○,○,,,,,,●,,,,○,○,,●,●,○,,○,,,,○,○
244,サイド,鯛だし塩ラーメン,●,●,●,○,○,○,,,,,○,,○,,,○,●,○,○,●,●,,●,,○,○,○,○
245,サイド,鯛だし塩ラーメン(炙り鯛入り),●,,●,○,○,○,,,,,○,,,,,,●,○,○,●,●,,●,,,○,○,
246,サイド,たこの唐揚げ,●,●,●,○,○,,,,,,○,,,,,,○,,○,●,,,,,,,,
247,サイド,だし巻き玉子,●,○,●,,,,,,,,,,,,,,○,○,○,●,○,,,,,,,
248,サイド,蛤としじみの貝出汁醤油ラーメン,●,,●,,○,○,,,,,○,,,,,,●,,○,●,●,,●,,,○,○,
249,サイド,ちくわ天(一品),●,●,●,,,,,,,,○,,○,,,○,○,○,○,●,○,,●,,○,○,○,○
250,サイド,茶碗蒸し,●,●,●,●,○,,,,,○,,○,○,,,○,○,,●,●,●,○,○,○,○,○,○,○
251,サイド,店内仕込の海鮮ポテサラ(ガリ入),●,○,●,,,,,,,,○,,,,,,○,,,●,○,,○,,,,●,○
252,サイド,なんこつ唐揚げ,●,●,●,,,,,,,,,,,,,,○,,,●,●,,,○,,,○,
253,サイド,濃厚えび味噌ワンタンメン,●,○,●,●,○,○,○,,,,○,,○,,,○,●,○,○,●,○,○,●,,○,,○,○
254,サイド,濃厚かに味噌ラーメン,●,○,●,●,●,○,,,,,,,,,,,,,,●,,,●,,,,,
255,サイド,はまぐりのうどん,●,○,●,○,○,,,,,,○,,,,,○,○,,●,●,○,,○,,,,○,○
256,サイド,はまぐりの出汁蒸し,,○,●,○,○,,,,,,,,,,,○,○,,●,●,○,,○,,,,○,○
257,サイド,はまぐりの味噌汁,,○,○,○,○,,,,,,,,,,,○,○,,●,●,○,,○,,,,○,○
258,サイド,ハリケーーンポテト,●,●,●,,,,,,,,,,,,,,○,,,●,●,,○,,,○,,
259,サイド,フィッシュ&チップス,●,●,●,,,,,,,,○,,○,,,○,○,○,○,●,○,,○,,○,○,○,○
260,サイド,フライドチキン(2個),●,●,●,,,,,,,,,,,,,,○,,,●,●,,,,,,,
261,サイド,フライドチキン(5個),●,●,●,,,,,,,,,,,,,,○,,,●,●,,,,,,,
262,サイド,フライドポテト,,○,●,,,,,,,,,,,,,,○,,,●,,,,,,,○,
263,サイド,ポテ&チキ,●,●,●,,,,,,,,,,,,,,○,,,●,●,,,,,,○,
264,サイド,めひかりの天ぷら,●,●,●,,,,,,,,○,,○,,,○,○,○,○,●,○,,○,,○,○,○,○
265,サイド,持ち帰り用カップ赤だし,○,○,○,○,○,,,,,,○,,,,,,○,○,○,●,○,,○,,,,○,○
266,サイド,わかめうどん,●,○,●,○,○,,,,,,○,,,,,○,●,,●,●,○,,○,,,,○,○
267,デザート,あまおういちごミルクプリン,○,●,,,,,,,,,,,○,,,,,,,○,,○,,,○,,○,
268,デザート,いちごのミニパフェ,●,●,●,,,,,,,,,,○,,○,,○,,,●,,○,,,○,,○,●
269,デザート,マリービスケット バニラアイスサンド,●,●,●,,,,,,,,,,○,,○,,○,,,●,,○,,,○,,○,○
270,デザート,カタラーナアイスブリュレ,●,●,○,,,,,○,○,,,,○,○,○,,○,,,●,,○,,,○,,○,○
271,デザート,京都峯嵐堂のわらびもち,,,,,,,,,,,,,,,,,,,,●,,,,,,,,
272,デザート,ショコラケーキリッチ,●,●,●,,,,,,○,,,,○,,,,,,,●,,,,,○,,○,○
273,デザート,白桃と瀬戸内レモンのパフェ,○,●,○,,○,,○,○,,,,,○,,,,,,,○,,○,,,●,,●,●
274,デザート,大学いも,,,,,,,,,,,,,,,,,●,,,●,,,,,,,,
275,デザート,チョコクッキーパフェ,●,●,●,,,,,,○,,,,○,,,,,,,●,,○,,,○,,○,●
276,デザート,チョコのミニパフェ,●,●,●,,,,,,○,,,,○,,,,,,,●,,○,,,○,,○,●
277,デザート,懐かしのメロンシャーベット,,,,,,,,,,,,,,,,,,,,,,,,,,,,●
278,デザート,パインいっパインパフェ,●,●,●,,,,,,,,,,○,,,,,,,●,,○,,,○,,○,●
279,デザート,フローズンマンゴー,○,●,,,,,,,,,,,○,,,,,,,○,,○,,,○,,○,
280,デザート,北海道バニラアイス(カップ),,●,,,,,,,,,,,,,,,,,,●,,,,,,,,
281,デザート,北海道ミルクレープ,●,●,●,,,,,,,,,,,,,,,,,●,,,,,,,,●
282,デザート,北海道ミルクレープメルバ,●,●,●,,,,,,,,,,○,,○,,○,,,●,,○,,,○,,○,●
283,デザート,瀬戸内レモンのレアチーズアイスケーキ,●,●,●,,,,,,,,,,,,,,,,,●,,,,,,,,●
284,デザート,練乳いちごパフェ,●,●,●,,,,,,,,,,○,,○,,○,,,●,,○,,,○,,○,●
285,デザート,わらび餅と大学芋のどっちも盛り,,,,,,,,,,,,,,,,,●,,,●,,,,,,,,
286,その他,しゃり,,,○,,,,,,,,,,,,,○,,,,○,,,○,,,,○,
